Mind Wide Open:	bsp/review-of-mind-wide-open-bsp-1.html
On Intelligence:	bsp/review-of-on-intelligence-by-jeff-hawkins-bsp-2.html
In Search of Memory:	bsp/review-of-eric-kandels-in-search-of-memory-bsp3.html
Nature Versus Nurture:	bsp/review-of-the-great-brain-debate-bsp-4.html
Consciousness:	bsp/consciousness-a-brief-introduction-to-philosophy-of-mind-bsp.html
†The First Idea:	bsp/review-of-the-first-idea-by-shanker-greenspan-bsp-6.html
Stuart Shanker, PhD	bsp/bonobos-with-dr-stuart-shanker-bsp-7.html
How Neurons Communicate:	bsp/how-neurons-communicate-a-detailed-introduction-bsp-8.html
The Future of the Brain:	bsp/review-the-future-of-the-brain-bsp-9.html
Neuroplasticity:	bsp/neuroplasticity-a-review-of-its-discovery-bsp-10.html
Unconscious Decisions:	bsp/unconscious-decisions-bsp-13.html
Our First Six Months:	bsp/brain-science-podcasts-first-six-months-bsp-14.html
**Read Montague, PhD:	bsp/why-choose-this-book-with-read-montague-bsp-15.html
The Pre-Frontal Lobes:	bsp/the-pre-frontal-lobes-a-review-of-the-executive-brain-bsp-16.html
The Wisdom of the Aging Brain:	bsp/the-wisdom-of-the-aging-brain-bsp-17.html
**Elkhonon Goldberg, PhD	bsp/interview-with-elkhonon-goldberg-phd-bsp-18.html
Gut Feelings:	bsp/review-of-gut-feelings-bsp-19.html
Louann Brizendine, MD:	bsp/the-female-brain-with-dr-louann-brizendine-bsp-20.html
Christof Koch, PhD on Consciousness:	bsp/consciousness-with-christof-koch-bsp-22.html
**Sandra Blakeslee	bsp/the-body-has-a-mind-of-its-own-with-sandra-blakeslee-bsp-23.html
Reading and the Brain:	bsp/review-proust-and-the-squid-the-story-and-science-of-the-rea.html
Rolf Pfeifer, PhD	bsp/embodied-intelligence-with-rolf-pfeifer-bsp-25.html
Norman Doidge, MD, on Neuroplasticity:	bsp/neuroplasticity-with-dr-norman-doidge-bsp-26.html
Year-end review of Season 1	bsp/year-end-review-for-2007-bsp-27.html
Edward Taub, PhD	bsp/edward-taubs-revolutionary-approach-to-stroke-rehabilitation.html
Maryanne Wolf, PhD	bsp/reading-and-the-brain-with-dr-maryann-wolf-bsp-29.html
The Evolution of Language:	bsp/the-evolution-of-language-bsp-30.html
Brain Rhythms with György Buzsáki:	bsp/brain-science-podcast-31-brain-rhythms-with-gyorgy-buzsaki.html
A brief Introduction to Brain Anatomy:	bsp/brain-science-podcast-32-a-brief-introduction-to-brain-anato.html
John J Ratey, MD:	bsp/exercise-and-the-brain-bsp-33.html
Rachel Herz, PhD:	bsp/rachel-herz-talks-about-smell-bsp-34.html
Mirror Neurons	bsp/a-closer-look-at-mirror-neurons-bsp-35.html
Arthur Glenberg, PhD	bsp/embodied-cognition-with-art-glenberg-bsp-36.html
John Medina, PhD	bsp/brain-rules-with-john-medina-bsp-37.html
Michael Arbib, PhD	bsp/mirror-neurons-with-michael-arbib-bsp-39.html
Semi-annual Review Episode	bsp/brain-science-podcasts-third-semi-annual-review-bsp-40.html
Interview with Linguist, Alice Gaby	bsp/alice-gaby-talks-about-linguistics-bsp-41.html
Discussion of On Being Certain: Believing You Are Right Even When You're Not	bsp/review-on-being-certain-bsp-42.html
**Part 2 of On Being Certain:	bsp/on-being-certain-interview-with-robert-burton-md-bsp-43.html
Interview with Daniel Siegel, MD:	bsp/meditation-and-the-brain-with-daniel-siegel-md-bsp-44.html
John Ratey, MD:	bsp/john-ratey-md-discusses-add-bsp-45.html
Live from Dragon*Con 2008:	bsp/brain-imaging-recorded-live-at-dragoncon-2008-bsp-46.html
Discussion of Principles of Brain Evolution:	bsp/review-principles-of-brain-evolution-bsp-47.html
Gary Lynch, PhD:	bsp/brain-evolution-with-gary-lynch-phd-bsp-48.html
Interview with Dr. Brenda Milner,	bsp/dr-brenda-milner-pioneer-in-memory-research-bsp-49.html
Neuroscience 2008:	bsp/highlights-from-neuroscience-2008-bsp-50.html
Interview with Seth Grant, PhD	bsp/surprising-discoveries-about-synapse-evolution-with-seth-gra.html
Year 2 Review:	bsp/review-of-year-2-of-the-brain-science-podcast-bsp-52.html
Michael Merzenich, PhD	bsp/michael-merzenich-talks-about-neuroplasticity-bsp-54.html
Eve Marder, PhD	bsp/interview-with-neuroscience-pioneer-eve-marder-phd-bsp-56.html
Chris Frith, PhD	bsp/how-our-brain-creates-our-world-with-chris-frith-phd-bsp-57.html
Alva Noë, PhD	bsp/interview-with-philosopher-alva-noe-bsp-58.html
Guy Caldwell, PhD, from the University of Alabama	bsp/using-c-elegans-in-neuroscience-with-guy-caldwell-phd-bsp-59.html
Stuart Brown, MD	bsp/why-play-is-essential-to-brain-health-with-dr-stuart-brown-b.html
Allan Jones, PhD	bsp/allan-jones-from-the-allen-institute-for-brain-research-bsp.html
Warren Brown, PhD	bsp/did-my-neurons-make-me-do-it-with-warren-brown-bsp-62.html
Thomas Metzinger, PhD	bsp/thomas-metzinger-explores-consciousness-bsp-67.html
R. Douglas Fields, PhD	bsp/exploring-glial-cells-with-r-douglas-fields-bsp-69.html
Our Fourth Annual Review Episode	bsp/celebrating-4-years-of-the-brain-science-podcast-bsp-71.html
Interview with Stephen Macknik and Susana Martinez-Conde	bsp/magic-and-the-brain-bsp-72.html
Lawrence Shapiro, PhD:	bsp/embodied-cognition-with-lawrence-shapiro-bsp-73.html
Olaf Sporns, PhD:	bsp/brain-networks-with-olaf-sporns-bsp-74.html
David Eagleman, PhD:	bsp/david-eagleman-on-the-secret-lives-of-the-brain-bsp-75.html
Sian Beilock, PhD:	bsp/how-to-avoid-choking-under-pressure-bsp-76.html
Fabrizio Benedetti, MD	bsp/neurobiology-of-placebos-with-fabrizio-benedetti-bsp-77.html
Miguel Nicolelis, MD, PhD	bsp/miguel-nicolelis-md-phd-bsp-79.html
Fifth Annual Review Episode	bsp/brain-science-podcast-turns-five-years-old-bsp-80.html
Patricia Churchland, PhD	bsp/patricia-churchland-on-neuroscience-and-morality-bsp-81.html
How Mind Emerges from Brain	bsp/how-mind-emerges-from-brain-bsp-82.html
Mind and Brain, with William Uttal, PhD,	bsp/mind-and-brain-with-william-uttal-bsp-83.html
Update on Consciousness Research with Christof Koch, PhD	bsp/update-on-consciousness-research-with-christof-koch-bsp-84.html
Sebastian Seung Explores the Brain's Wiring	bsp/sebastian-seung-explores-brains-wiring-bsp-85.html
Disgust, with Rachel Herz, PhD	bsp/disgust-with-rachel-herz-bsp-86.html
Brain Aging with Pamela Greenwood, PhD	bsp/brain-aging-research-with-dr-pamela-greenwood-bsp-87.html
The Self Illusion with Bruce Hood, PhD	bsp/the-self-illusion-with-bruce-hood-bsp-88.html
Self Comes to Mind	bsp/review-of-self-comes-to-mind-by-antonio-damasio-bsp-90.html
The Origin of Emotions with Jaak Panksepp	bsp/the-origin-of-emotions-with-jaak-panksepp-bsp-91.html
Pain (Part 1) with Dr. Fernando Cervero	bsp/pain-is-a-complex-emotional-and-sensory-experience-bsp-93.html
